{
  "_fv": 39,
  "_type": "biome",
  "definition": {
    "name": "Murisl",
    "groundBlock": {
      "value": "Blocks.ROOTED_DIRT"
    },
    "undergroundBlock": {
      "value": "Blocks.STONE#3"
    },
    "underwaterBlock": {
      "value": ""
    },
    "ambientSound": {
      "value": ""
    },
    "additionsSound": {
      "value": ""
    },
    "music": {
      "value": ""
    },
    "moodSound": {
      "value": ""
    },
    "moodSoundDelay": 6000,
    "spawnParticles": false,
    "particleToSpawn": {
      "value": "CUSTOM:Jq"
    },
    "particlesProbability": 0.5,
    "rainingPossibility": 0.0,
    "temperature": 1.0,
    "spawnBiome": true,
    "spawnInCaves": false,
    "spawnBiomeNether": false,
    "genTemperature": {
      "min": -0.1,
      "max": 0.1
    },
    "genHumidity": {
      "min": -0.1,
      "max": 1.0
    },
    "genContinentalness": {
      "min": -1.0,
      "max": 1.0
    },
    "genErosion": {
      "min": -0.5,
      "max": 0.5
    },
    "genWeirdness": {
      "min": -1.0,
      "max": 1.0
    },
    "grassPerChunk": 10,
    "seagrassPerChunk": 0,
    "flowersPerChunk": 2,
    "mushroomsPerChunk": 3,
    "bigMushroomsChunk": 1,
    "sandPatchesPerChunk": 0,
    "gravelPatchesPerChunk": 0,
    "reedsPerChunk": 0,
    "cactiPerChunk": 0,
    "treesPerChunk": 5,
    "vanillaTreeType": "Default",
    "treeType": 1,
    "minHeight": 32,
    "treeStem": {
      "value": "Blocks.LOG2#1"
    },
    "treeBranch": {
      "value": "Blocks.LEAVES2#0"
    },
    "treeVines": {
      "value": "Blocks.LEAVES2#0"
    },
    "treeFruits": {
      "value": "Blocks.WAXED_OXIDIZED_COPPER"
    },
    "spawnStronghold": false,
    "spawnMineshaft": false,
    "spawnMineshaftMesa": false,
    "spawnPillagerOutpost": false,
    "villageType": "none",
    "spawnWoodlandMansion": false,
    "spawnJungleTemple": false,
    "spawnDesertPyramid": false,
    "spawnSwampHut": false,
    "spawnIgloo": false,
    "spawnOceanMonument": false,
    "spawnShipwreck": false,
    "spawnShipwreckBeached": false,
    "spawnBuriedTreasure": false,
    "oceanRuinType": "NONE",
    "spawnNetherBridge": false,
    "spawnNetherFossil": false,
    "spawnBastionRemnant": false,
    "spawnEndCity": false,
    "spawnRuinedPortal": "NONE",
    "defaultFeatures": [
      "Caves",
      "Ores",
      "FrozenTopLayer"
    ],
    "spawnEntries": []
  }
}