{
  "_fv": 39,
  "_type": "command",
  "definition": {
    "commandName": "sxbjjl",
    "permissionLevel": "4",
    "argsxml": "<xml xmlns=\"https://developers.google.com/blockly/xml\"><block type=\"args_start\" deletable=\"false\" x=\"40\" y=\"40\"><next><block type=\"entity\"><field name=\"name\">name</field><field name=\"type\">entities</field><statement name=\"args\"><block type=\"number_default\"><field name=\"name\">sas2</field><statement name=\"args\"><block type=\"call_procedure\"><field name=\"procedure\">Sxbjjllc</field></block></statement></block></statement></block></next></block><block type=\"number_min_max\" x=\"101\" y=\"205\"><field name=\"name\">name</field><field name=\"min\">0</field><field name=\"max\">100</field></block></xml>"
  }
}