{
	"credit": "Made with Blockbench",
	"texture_size": [32, 32],
	"textures": {
		"0": "block/mujian",
		"particle": "block/mujian"
	},
	"elements": [
		{
			"from": [7, 0, 7],
			"to": [9, 27, 9],
			"faces": {
				"north": {"uv": [0, 0, 1, 13.5], "texture": "#0"},
				"east": {"uv": [1, 0, 2, 13.5], "texture": "#0"},
				"south": {"uv": [2, 0, 3, 13.5], "texture": "#0"},
				"west": {"uv": [3, 0, 4, 13.5], "texture": "#0"},
				"up": {"uv": [6.5, 5, 5.5, 4], "texture": "#0"},
				"down": {"uv": [6.5, 5, 5.5, 6], "texture": "#0"}
			}
		},
		{
			"from": [9, 4, 7],
			"to": [10, 6, 10],
			"faces": {
				"north": {"uv": [6.5, 4, 7, 5], "texture": "#0"},
				"east": {"uv": [4, 0, 6, 1], "texture": "#0"},
				"south": {"uv": [6.5, 5, 7, 6], "texture": "#0"},
				"west": {"uv": [4, 1, 6, 2], "texture": "#0"},
				"up": {"uv": [6.5, 2, 6, 0], "texture": "#0"},
				"down": {"uv": [4.5, 6, 4, 8], "texture": "#0"}
			}
		},
		{
			"from": [6, 4, 9],
			"to": [9, 6, 10],
			"faces": {
				"north": {"uv": [4, 4, 5.5, 5], "texture": "#0"},
				"east": {"uv": [6.5, 6.5, 7, 7.5], "texture": "#0"},
				"south": {"uv": [4, 5, 5.5, 6], "texture": "#0"},
				"west": {"uv": [7, 1.5, 7.5, 2.5], "texture": "#0"},
				"up": {"uv": [7, 6.5, 5.5, 6], "texture": "#0"},
				"down": {"uv": [8, 0, 6.5, 0.5], "texture": "#0"}
			}
		},
		{
			"from": [7, 4, 6],
			"to": [10, 6, 7],
			"faces": {
				"north": {"uv": [5.5, 2, 7, 3], "texture": "#0"},
				"east": {"uv": [7, 2.5, 7.5, 3.5], "texture": "#0"},
				"south": {"uv": [5.5, 3, 7, 4], "texture": "#0"},
				"west": {"uv": [7, 3.5, 7.5, 4.5], "texture": "#0"},
				"up": {"uv": [8, 1, 6.5, 0.5], "texture": "#0"},
				"down": {"uv": [8, 1, 6.5, 1.5], "texture": "#0"}
			}
		},
		{
			"from": [6, 4, 6],
			"to": [7, 6, 9],
			"faces": {
				"north": {"uv": [5.5, 6.5, 6, 7.5], "texture": "#0"},
				"east": {"uv": [4, 2, 5.5, 3], "texture": "#0"},
				"south": {"uv": [6, 6.5, 6.5, 7.5], "texture": "#0"},
				"west": {"uv": [4, 3, 5.5, 4], "texture": "#0"},
				"up": {"uv": [5, 7.5, 4.5, 6], "texture": "#0"},
				"down": {"uv": [5.5, 6, 5, 7.5], "texture": "#0"}
			}
		}
	],
	"display": {
		"thirdperson_righthand": {
			"rotation": [-15, 79, 0],
			"translation": [1, 3.75, 0]
		}
	}
}