{
  "_fv": 43,
  "_type": "rangeditem",
  "definition": {
    "renderType": 1,
    "texture": "ss",
    "customModelName": "model22:default",
    "name": "Fb",
    "specialInfo": [],
    "creativeTab": {
      "value": "COMBAT"
    },
    "stackSize": 1,
    "ammoItem": {
      "value": "CUSTOM:Fb"
    },
    "shootConstantly": false,
    "usageCount": 0,
    "actionSound": {
      "value": "entity.arrow.shoot"
    },
    "hasGlow": false,
    "animation": "bow",
    "enableMeleeDamage": false,
    "damageVsEntity": 0.0,
    "bulletPower": 3.0,
    "bulletDamage": 3.0,
    "bulletKnockback": 1,
    "bulletParticles": true,
    "bulletIgnitesFire": false,
    "bulletItemTexture": {
      "value": "Blocks.BEACON"
    },
    "bulletModel": "Default",
    "customBulletModelTexture": "",
    "onBulletHitsEntity": {
      "name": "FbDangTouZhiWuJiZhongShiTiShi"
    },
    "onBulletFlyingTick": {
      "name": "FbTouZhiWuFeiXingTick"
    }
  }
}