{
  "_fv": 43,
  "_type": "overlay",
  "definition": {
    "priority": "NORMAL",
    "components": [
      {
        "type": "image",
        "data": {
          "image": "rgw5qoh.png",
          "use1Xscale": false,
          "x": 213,
          "y": 181
        }
      },
      {
        "type": "image",
        "data": {
          "image": "zsf05pw.png",
          "use1Xscale": false,
          "x": 215,
          "y": 183
        }
      }
    ],
    "baseTexture": "",
    "overlayTarget": "Ingame",
    "gridSettings": {
      "sx": 10,
      "sy": 10,
      "ox": 10,
      "oy": 10,
      "snapOnGrid": false
    }
  }
}