{
  "_fv": 43,
  "_type": "tool",
  "definition": {
    "renderType": 1,
    "texture": "mb",
    "customModelName": "htc:default",
    "name": "§6撼山锤",
    "specialInfo": [],
    "creativeTab": {
      "value": "COMBAT"
    },
    "toolType": "Axe",
    "harvestLevel": 1,
    "efficiency": 4.0,
    "attackSpeed": 1.0,
    "enchantability": 2,
    "damageVsEntity": 4.0,
    "usageCount": 100,
    "blocksAffected": [],
    "hasGlow": false,
    "repairItems": [],
    "immuneToFire": false,
    "stayInGridWhenCrafting": false,
    "damageOnCrafting": false,
    "onRightClickedInAir": {
      "name": "HtcDangYouJianDianJiKongQiShiShiTiDeWeiZhi"
    }
  }
}