{
  "_fv": 43,
  "_type": "command",
  "definition": {
    "commandName": "sxlook",
    "permissionLevel": "4",
    "argsxml": "<xml xmlns=\"https://developers.google.com/blockly/xml\"><block type=\"args_start\" deletable=\"false\" x=\"40\" y=\"40\"><next><block type=\"string\"><field name=\"type\">word</field><field name=\"name\">sm</field><statement name=\"args\"><block type=\"entity\"><field name=\"name\">mb</field><field name=\"type\">player</field><statement name=\"args\"><block type=\"call_procedure\"><field name=\"procedure\">Sxlookmb</field></block></statement></block></statement></block></next></block></xml>"
  }
}