{
  "_fv": 43,
  "_type": "gui",
  "definition": {
    "type": 0,
    "width": 0,
    "height": 0,
    "inventoryOffsetX": 0,
    "inventoryOffsetY": 0,
    "renderBgLayer": true,
    "doesPauseGame": false,
    "components": [
      {
        "type": "image",
        "data": {
          "image": "caidan.png",
          "use1Xscale": false,
          "x": 14,
          "y": 17
        }
      },
      {
        "type": "button",
        "data": {
          "name": "button_empty",
          "text": "",
          "width": 25,
          "height": 20,
          "x": 182,
          "y": 72
        }
      }
    ],
    "gridSettings": {
      "sx": 16,
      "sy": 16,
      "ox": 11,
      "oy": 15,
      "snapOnGrid": true
    }
  }
}