{
  "_fv": 39,
  "_type": "gui",
  "definition": {
    "type": 0,
    "width": 0,
    "height": 0,
    "inventoryOffsetX": 96,
    "inventoryOffsetY": 19,
    "renderBgLayer": false,
    "doesPauseGame": false,
    "components": [
      {
        "type": "label",
        "data": {
          "name": "label_dang_qian_xiu_lian_jing_jie_varintegerlever",
          "text": {
            "fixedValue": "当前修炼境界：<VAR:integer:lever>",
            "name": "EuiZhiShuZhixiulian"
          },
          "color": {
            "value": -12829636,
            "falpha": 0.0
          },
          "x": 154,
          "y": 164
        }
      },
      {
        "type": "label",
        "data": {
          "name": "label_sheng_ji_suo_xu_varintegerleverup",
          "text": {
            "fixedValue": "升级所需<VAR:integer:leverup>",
            "name": "EuiZhiShuZhishenjisuoxu"
          },
          "color": {
            "value": -12829636,
            "falpha": 0.0
          },
          "x": 154,
          "y": 184
        }
      },
      {
        "type": "label",
        "data": {
          "name": "label_dang_qian_jing_yan_varintegerlevernow",
          "text": {
            "fixedValue": "当前经验:<VAR:integer:levernow>",
            "name": "EuiZhiShuZhidangqianjingyan"
          },
          "color": {
            "value": -12829636,
            "falpha": 0.0
          },
          "x": 154,
          "y": 174
        }
      },
      {
        "type": "entitymodel",
        "data": {
          "entityModel": {
            "name": "Uimx"
          },
          "scale": 50,
          "rotationX": 0,
          "followMouseMovement": false,
          "x": 198,
          "y": 139
        }
      },
      {
        "type": "image",
        "data": {
          "image": "caidan.png",
          "use1Xscale": false,
          "x": 14,
          "y": 19
        }
      },
      {
        "type": "label",
        "data": {
          "name": "label_1",
          "text": {
            "fixedValue": "1",
            "name": "EuiZhiShuZhi"
          },
          "color": {
            "value": -12829636,
            "falpha": 0.0
          },
          "x": 19,
          "y": 24
        }
      },
      {
        "type": "label",
        "data": {
          "name": "label_2",
          "text": {
            "fixedValue": "2",
            "name": "EuiZhiShuZhi2"
          },
          "color": {
            "value": -12829636,
            "falpha": 0.0
          },
          "x": 19,
          "y": 34
        }
      },
      {
        "type": "label",
        "data": {
          "name": "label_3",
          "text": {
            "fixedValue": "3",
            "name": "EuiZhiShuZhi3"
          },
          "color": {
            "value": -12829636,
            "falpha": 0.0
          },
          "x": 19,
          "y": 44
        }
      },
      {
        "type": "label",
        "data": {
          "name": "label_4",
          "text": {
            "fixedValue": "4",
            "name": "EuiZhiShuZhi4"
          },
          "color": {
            "value": -12829636,
            "falpha": 0.0
          },
          "x": 19,
          "y": 53
        }
      },
      {
        "type": "label",
        "data": {
          "name": "label_5",
          "text": {
            "fixedValue": "5",
            "name": "EuiZhiShuZhi5"
          },
          "color": {
            "value": -12829636,
            "falpha": 0.0
          },
          "x": 19,
          "y": 64
        }
      },
      {
        "type": "label",
        "data": {
          "name": "label_6",
          "text": {
            "fixedValue": "6",
            "name": "EuiZhiShuZhi6"
          },
          "color": {
            "value": -12829636,
            "falpha": 0.0
          },
          "x": 19,
          "y": 74
        }
      },
      {
        "type": "label",
        "data": {
          "name": "label_7",
          "text": {
            "fixedValue": "7",
            "name": "EuiZhiShuZhi7"
          },
          "color": {
            "value": -12829636,
            "falpha": 0.0
          },
          "x": 19,
          "y": 84
        }
      },
      {
        "type": "label",
        "data": {
          "name": "label_8",
          "text": {
            "fixedValue": "8",
            "name": "EuiZhiShuZhi8"
          },
          "color": {
            "value": -12829636,
            "falpha": 0.0
          },
          "x": 19,
          "y": 204
        }
      },
      {
        "type": "imagebutton",
        "data": {
          "name": "imagebutton_st1",
          "image": "st1.png",
          "hoveredImage": "st21.png",
          "onClick": {
            "name": "Levernowlc"
          },
          "x": 304,
          "y": 169
        }
      },
      {
        "type": "label",
        "data": {
          "name": "label_jing_jie_ti_sheng",
          "text": {
            "fixedValue": "境界提升"
          },
          "color": {
            "value": -12829636,
            "falpha": 0.0
          },
          "x": 329,
          "y": 179
        }
      }
    ],
    "gridSettings": {
      "sx": 10,
      "sy": 10,
      "ox": 16,
      "oy": 16,
      "snapOnGrid": true
    }
  }
}