{
  "_fv": 39,
  "_type": "gui",
  "definition": {
    "type": 0,
    "width": 0,
    "height": 0,
    "inventoryOffsetX": 0,
    "inventoryOffsetY": 0,
    "renderBgLayer": false,
    "doesPauseGame": false,
    "components": [
      {
        "type": "image",
        "data": {
          "image": "caidan.png",
          "use1Xscale": false,
          "x": 14,
          "y": 18
        }
      },
      {
        "type": "label",
        "data": {
          "name": "label_lw",
          "text": {
            "fixedValue": "lw1"
          },
          "color": {
            "value": -12829636,
            "falpha": 0.0
          },
          "x": 38,
          "y": 40
        }
      }
    ],
    "gridSettings": {
      "sx": 16,
      "sy": 16,
      "ox": 11,
      "oy": 15,
      "snapOnGrid": true
    }
  }
}