{
  "_fv": 39,
  "_type": "command",
  "definition": {
    "commandName": "sxts",
    "permissionLevel": "4",
    "argsxml": "<xml xmlns=\"https://developers.google.com/blockly/xml\"><block type=\"args_start\" deletable=\"false\" x=\"-113\" y=\"11\"><next><block type=\"literal\"><field name=\"name\">sm</field><statement name=\"args\"><block type=\"entity\"><field name=\"name\">name</field><field name=\"type\">players</field><statement name=\"args\"><block type=\"number_default\"><field name=\"name\">leix1</field><statement name=\"args\"><block type=\"call_procedure\"><field name=\"procedure\">Sxtslc</field></block></statement></block></statement></block></statement><next><block type=\"literal\"><field name=\"name\">gj</field><statement name=\"args\"><block type=\"entity\"><field name=\"name\">name</field><field name=\"type\">players</field><statement name=\"args\"><block type=\"number_default\"><field name=\"name\">leix1</field><statement name=\"args\"><block type=\"call_procedure\"><field name=\"procedure\">Sxtslc2</field></block></statement></block></statement></block></statement><next><block type=\"literal\"><field name=\"name\">fs</field><statement name=\"args\"><block type=\"entity\"><field name=\"name\">name</field><field name=\"type\">players</field><statement name=\"args\"><block type=\"number_default\"><field name=\"name\">leix1</field><statement name=\"args\"><block type=\"call_procedure\"><field name=\"procedure\">Sxtslc3</field></block></statement></block></statement></block></statement><next><block type=\"literal\"><field name=\"name\">fsbl</field><statement name=\"args\"><block type=\"entity\"><field name=\"name\">name</field><field name=\"type\">players</field><statement name=\"args\"><block type=\"number_default\"><field name=\"name\">leix1</field><statement name=\"args\"><block type=\"call_procedure\"><field name=\"procedure\">Sxtslc4</field></block></statement></block></statement></block></statement><next><block type=\"literal\"><field name=\"name\">fy</field><statement name=\"args\"><block type=\"entity\"><field name=\"name\">name</field><field name=\"type\">players</field><statement name=\"args\"><block type=\"number_default\"><field name=\"name\">leix1</field><statement name=\"args\"><block type=\"call_procedure\"><field name=\"procedure\">Sxtslc1</field></block></statement></block></statement></block></statement><next><block type=\"literal\"><field name=\"name\">ll</field><statement name=\"args\"><block type=\"entity\"><field name=\"name\">name</field><field name=\"type\">players</field><statement name=\"args\"><block type=\"number_default\"><field name=\"name\">leix1</field><statement name=\"args\"><block type=\"call_procedure\"><field name=\"procedure\">Sxtslc5</field></block></statement></block></statement></block></statement><next><block type=\"literal\"><field name=\"name\">llnow</field><statement name=\"args\"><block type=\"entity\"><field name=\"name\">name</field><field name=\"type\">players</field><statement name=\"args\"><block type=\"number_default\"><field name=\"name\">leix1</field><statement name=\"args\"><block type=\"call_procedure\"><field name=\"procedure\">Sxtslc7</field></block></statement></block></statement></block></statement><next><block type=\"literal\"><field name=\"name\">llhf</field><statement name=\"args\"><block type=\"entity\"><field name=\"name\">name</field><field name=\"type\">players</field><statement name=\"args\"><block type=\"number_default\"><field name=\"name\">leix1</field><statement name=\"args\"><block type=\"call_procedure\"><field name=\"procedure\">Sxtslc6</field></block></statement></block></statement></block></statement><next><block type=\"literal\"><field name=\"name\">hdz</field><statement name=\"args\"><block type=\"entity\"><field name=\"name\">name</field><field name=\"type\">players</field><statement name=\"args\"><block type=\"number_default\"><field name=\"name\">leix1</field><statement name=\"args\"><block type=\"call_procedure\"><field name=\"procedure\">Sxtslc9</field></block></statement></block></statement></block></statement><next><block type=\"literal\"><field name=\"name\">hdzhf</field><statement name=\"args\"><block type=\"entity\"><field name=\"name\">name</field><field name=\"type\">players</field><statement name=\"args\"><block type=\"number_default\"><field name=\"name\">leix1</field><statement name=\"args\"><block type=\"call_procedure\"><field name=\"procedure\">Sxtslc10</field></block></statement></block></statement></block></statement><next><block type=\"literal\"><field name=\"name\">hdznow</field><statement name=\"args\"><block type=\"entity\"><field name=\"name\">name</field><field name=\"type\">players</field><statement name=\"args\"><block type=\"number_default\"><field name=\"name\">leix1</field><statement name=\"args\"><block type=\"call_procedure\"><field name=\"procedure\">Sxtslc8</field></block></statement></block></statement></block></statement><next><block type=\"literal\"><field name=\"name\">tlmax</field><statement name=\"args\"><block type=\"entity\"><field name=\"name\">name</field><field name=\"type\">players</field><statement name=\"args\"><block type=\"number_default\"><field name=\"name\">leix1</field><statement name=\"args\"><block type=\"call_procedure\"><field name=\"procedure\">Sxtslc11</field></block></statement></block></statement></block></statement><next><block type=\"literal\"><field name=\"name\">tlnow</field><statement name=\"args\"><block type=\"entity\"><field name=\"name\">name</field><field name=\"type\">players</field><statement name=\"args\"><block type=\"number_default\"><field name=\"name\">leix1</field><statement name=\"args\"><block type=\"call_procedure\"><field name=\"procedure\">Sxtslc13</field></block></statement></block></statement></block></statement><next><block type=\"literal\"><field name=\"name\">tlhf</field><statement name=\"args\"><block type=\"entity\"><field name=\"name\">name</field><field name=\"type\">players</field><statement name=\"args\"><block type=\"number_default\"><field name=\"name\">leix1</field><statement name=\"args\"><block type=\"call_procedure\"><field name=\"procedure\">Sxtslc12</field></block></statement></block></statement></block></statement><next><block type=\"literal\"><field name=\"name\">tlxh</field><statement name=\"args\"><block type=\"entity\"><field name=\"name\">name</field><field name=\"type\">players</field><statement name=\"args\"><block type=\"number_default\"><field name=\"name\">leix1</field><statement name=\"args\"><block type=\"call_procedure\"><field name=\"procedure\">Sxtslc14</field></block></statement></block></statement></block></statement><next><block type=\"literal\"><field name=\"name\">sd</field><statement name=\"args\"><block type=\"entity\"><field name=\"name\">name</field><field name=\"type\">players</field><statement name=\"args\"><block type=\"number_default\"><field name=\"name\">leix1</field><statement name=\"args\"><block type=\"call_procedure\"><field name=\"procedure\">Sxtslc16</field></block></statement></block></statement></block></statement><next><block type=\"literal\"><field name=\"name\">ms</field><statement name=\"args\"><block type=\"entity\"><field name=\"name\">name</field><field name=\"type\">players</field><statement name=\"args\"><block type=\"number_default\"><field name=\"name\">leix1</field><statement name=\"args\"><block type=\"call_procedure\"><field name=\"procedure\">Sxtslc17</field></block></statement></block></statement></block></statement></block></next></block></next></block></next></block></next></block></next></block></next></block></next></block></next></block></next></block></next></block></next></block></next></block></next></block></next></block></next></block></next></block></next></block><block type=\"number_default\" x=\"300\" y=\"83\"><field name=\"name\">lelx</field></block><block type=\"message\" x=\"393\" y=\"82\"><field name=\"name\">leix</field></block><block type=\"literal\" x=\"319\" y=\"257\"><field name=\"name\">add</field><statement name=\"args\"><block type=\"number_min\"><field name=\"name\">time</field><field name=\"min\">0</field><comment pinned=\"false\" h=\"80\" w=\"160\">If the player uses a number, we set the time to this number.</comment><statement name=\"args\"><block type=\"call_procedure\"><field name=\"procedure\"></field></block></statement></block></statement><next><block type=\"literal\"><field name=\"name\">set</field><comment pinned=\"false\" h=\"80\" w=\"160\">The player can also use pre-defined options. Each literal argument is one option and each of them can execute a different code. However, unlike other parameters, this argument can not be get in procedure as their name is their value.</comment><statement name=\"args\"><block type=\"literal\"><field name=\"name\">day</field><statement name=\"args\"><block type=\"call_procedure\"><field name=\"procedure\"></field></block></statement><next><block type=\"literal\"><field name=\"name\">noon</field><statement name=\"args\"><block type=\"call_procedure\"><field name=\"procedure\"></field></block></statement><next><block type=\"literal\"><field name=\"name\">night</field><statement name=\"args\"><block type=\"call_procedure\"><field name=\"procedure\"></field></block></statement><next><block type=\"literal\"><field name=\"name\">midnight</field><statement name=\"args\"><block type=\"call_procedure\"><field name=\"procedure\"></field></block></statement></block></next></block></next></block></next></block></statement></block></next></block><block type=\"string\" x=\"868\" y=\"236\"><field name=\"type\">word</field><field name=\"name\">leix</field></block><block type=\"number_min_max\" x=\"494\" y=\"282\"><field name=\"name\">name</field><field name=\"min\">0</field><field name=\"max\">100</field></block></xml>"
  }
}