{
  "_fv": 39,
  "_type": "overlay",
  "definition": {
    "priority": "HIGHEST",
    "components": [
      {
        "type": "label",
        "data": {
          "name": "label_ss",
          "text": {
            "fixedValue": "ss",
            "name": "UiZhiShuZhi2"
          },
          "color": {
            "value": -6750208,
            "falpha": 0.0
          },
          "x": 221,
          "y": 115
        }
      },
      {
        "type": "label",
        "data": {
          "name": "label_aa",
          "text": {
            "fixedValue": "aa",
            "name": "UiZhiShuZhixueliang"
          },
          "color": {
            "value": -10027162,
            "falpha": 0.0
          },
          "x": 221,
          "y": 129
        }
      },
      {
        "type": "label",
        "data": {
          "name": "label_ll",
          "text": {
            "fixedValue": "ll",
            "name": "UiZhiShuZhi4"
          },
          "color": {
            "value": -13369345,
            "falpha": 0.0
          },
          "x": 221,
          "y": 141
        }
      },
      {
        "type": "label",
        "data": {
          "name": "label_hudun",
          "text": {
            "fixedValue": "hudun",
            "name": "UiZhiShuZhi5"
          },
          "color": {
            "value": -1,
            "falpha": 0.0
          },
          "x": 221,
          "y": 152
        }
      },
      {
        "type": "label",
        "data": {
          "name": "label_tl",
          "text": {
            "fixedValue": "tl",
            "name": "UiZhiShuZhitl"
          },
          "color": {
            "value": -10027111,
            "falpha": 0.0
          },
          "x": 221,
          "y": 164
        }
      }
    ],
    "baseTexture": "",
    "overlayTarget": "Ingame",
    "gridSettings": {
      "sx": 18,
      "sy": 18,
      "ox": 11,
      "oy": 15,
      "snapOnGrid": false
    }
  }
}