{
	"format_version": "1.8.0",
	"animations": {
		"animation.model.new": {
			"animation_length": 5,
			"bones": {
				"Head": {
					"rotation": {
						"0.0": {
							"vector": [2.5, 0, 0]
						},
						"5.0": {
							"vector": [35, 0, 0]
						}
					},
					"position": {
						"0.0": {
							"vector": [0, 13, -7]
						},
						"5.0": {
							"vector": [0, -12, -9]
						}
					}
				},
				"Body": {
					"rotation": {
						"0.0": {
							"vector": [-2.5, 0, 0]
						},
						"5.0": {
							"vector": [75, 0, 0]
						}
					},
					"position": {
						"0.0": {
							"vector": [0, 14, -7]
						},
						"0.5": {
							"vector": [0, 11.15, -7]
						},
						"1.3333": {
							"vector": [0, 7.25, -7]
						},
						"5.0": {
							"vector": [0, -10, -7]
						}
					}
				},
				"RightArm": {
					"rotation": {
						"vector": [-25, 0, 0]
					},
					"position": {
						"0.0": {
							"vector": [0, 13, -8]
						},
						"5.0": {
							"vector": [0, -10, -7]
						}
					}
				},
				"LeftArm": {
					"rotation": {
						"0.0": {
							"vector": [5, 0, 0]
						},
						"5.0": {
							"vector": [-57.5, 0, 0]
						}
					},
					"position": {
						"0.0": {
							"vector": [-1, 13, -8]
						},
						"5.0": {
							"vector": [0, -9, -6]
						}
					}
				},
				"RightLeg": {
					"rotation": {
						"0.0": {
							"vector": [-10, 0, 0]
						},
						"5.0": {
							"vector": [42.26432, -6.02281, 4.47769]
						}
					},
					"position": {
						"0.0": {
							"vector": [0, 14, -8]
						},
						"5.0": {
							"vector": [0, -1, 4]
						}
					}
				},
				"LeftLeg": {
					"rotation": {
						"0.0": {
							"vector": [5, 5, 0]
						},
						"5.0": {
							"vector": [62.5, 5, 0]
						}
					},
					"position": {
						"0.0": {
							"vector": [0, 14, -8]
						},
						"5.0": {
							"vector": [0, -1, 4]
						}
					}
				}
			}
		}
	}
}