{
  "_fv": 34,
  "_type": "gui",
  "definition": {
    "type": 0,
    "width": 400,
    "height": 200,
    "inventoryOffsetX": 0,
    "inventoryOffsetY": 0,
    "renderBgLayer": true,
    "doesPauseGame": false,
    "components": [
      {
        "type": "label",
        "data": {
          "text": "力量:<VAR:integer:liliang>",
          "color": {
            "value": -12829636,
            "falpha": 0.0
          },
          "name": "力量:<VAR:integer:liliang>",
          "x": 24,
          "y": 35
        }
      },
      {
        "type": "label",
        "data": {
          "text": "体魄：<VAR:integer:tipo>",
          "color": {
            "value": -12829636,
            "falpha": 0.0
          },
          "name": "体魄：<VAR:integer:tipo>",
          "x": 24,
          "y": 53
        }
      },
      {
        "type": "label",
        "data": {
          "text": "敏捷：<VAR:integer:minjie>",
          "color": {
            "value": -12829636,
            "falpha": 0.0
          },
          "name": "敏捷：<VAR:integer:minjie>",
          "x": 24,
          "y": 71
        }
      },
      {
        "type": "button",
        "data": {
          "text": "俯卧撑锻炼",
          "onClick": {
            "name": "Fwczt"
          },
          "width": 51,
          "height": 20,
          "name": "俯卧撑锻炼",
          "x": 267,
          "y": 35
        }
      }
    ],
    "gridSettings": {
      "sx": 18,
      "sy": 18,
      "ox": 11,
      "oy": 15,
      "snapOnGrid": true
    }
  }
}