{
  "_fv": 34,
  "_type": "gui",
  "definition": {
    "type": 1,
    "width": 400,
    "height": 200,
    "inventoryOffsetX": 96,
    "inventoryOffsetY": 19,
    "renderBgLayer": true,
    "doesPauseGame": false,
    "components": [
      {
        "type": "label",
        "data": {
          "text": "生命：<VAR:integer:health>",
          "color": {
            "value": -12829636,
            "falpha": 0.0
          },
          "name": "生命：<VAR:integer:health>",
          "x": 19,
          "y": 34
        }
      },
      {
        "type": "label",
        "data": {
          "text": "防御:<VAR:integer:fy>",
          "color": {
            "value": -12829636,
            "falpha": 0.0
          },
          "name": "防御:<VAR:integer:fy>",
          "x": 19,
          "y": 44
        }
      },
      {
        "type": "label",
        "data": {
          "text": "当前修炼境界：<VAR:integer:lever>",
          "color": {
            "value": -12829636,
            "falpha": 0.0
          },
          "name": "当前修炼境界：<VAR:integer:lever>",
          "x": 334,
          "y": 25
        }
      },
      {
        "type": "label",
        "data": {
          "text": "升级所需<VAR:integer:leverup>",
          "color": {
            "value": -12829636,
            "falpha": 0.0
          },
          "name": "升级所需<VAR:integer:leverup>",
          "x": 334,
          "y": 34
        }
      },
      {
        "type": "label",
        "data": {
          "text": "当前经验:<VAR:integer:levernow>",
          "color": {
            "value": -12829636,
            "falpha": 0.0
          },
          "name": "当前经验:<VAR:integer:levernow>",
          "x": 334,
          "y": 44
        }
      },
      {
        "type": "label",
        "data": {
          "text": "攻击力：<VAR:integer:ak>",
          "color": {
            "value": -12829636,
            "falpha": 0.0
          },
          "name": "攻击力：<VAR:integer:ak>",
          "x": 19,
          "y": 25
        }
      },
      {
        "type": "button",
        "data": {
          "text": "提升境界",
          "onClick": {
            "name": "Levernowlc"
          },
          "width": 46,
          "height": 20,
          "name": "提升境界",
          "x": 334,
          "y": 53
        }
      },
      {
        "type": "label",
        "data": {
          "text": "战斗力：<VAR:integer:zdl>",
          "color": {
            "value": -12829636,
            "falpha": 0.0
          },
          "name": "战斗力：<VAR:integer:zdl>",
          "x": 19,
          "y": 196
        }
      },
      {
        "type": "label",
        "data": {
          "text": "真伤：<VAR:integer:zs>",
          "color": {
            "value": -12829636,
            "falpha": 0.0
          },
          "name": "真伤：<VAR:integer:zs>",
          "x": 19,
          "y": 72
        }
      },
      {
        "type": "label",
        "data": {
          "text": "暴击倍率:<VAR:integer:bjbl>",
          "color": {
            "value": -12829636,
            "falpha": 0.0
          },
          "name": "暴击倍率:<VAR:integer:bjbl>",
          "x": 19,
          "y": 63
        }
      },
      {
        "type": "label",
        "data": {
          "text": "暴击几率：<VAR:integer:bjjl>",
          "color": {
            "value": -12829636,
            "falpha": 0.0
          },
          "name": "暴击几率：<VAR:integer:bjjl>",
          "x": 19,
          "y": 53
        }
      },
      {
        "type": "label",
        "data": {
          "text": "闪避几率：<VAR:integer:shanbi>",
          "color": {
            "value": -12829636,
            "falpha": 0.0
          },
          "name": "闪避几率：<VAR:integer:shanbi>",
          "x": 19,
          "y": 82
        }
      }
    ],
    "gridSettings": {
      "sx": 17,
      "sy": 19,
      "ox": 20,
      "oy": 10,
      "snapOnGrid": true
    }
  }
}