{
  "_fv": 34,
  "_type": "tool",
  "definition": {
    "renderType": 2,
    "texture": "ss",
    "customModelName": "zx0:default",
    "name": "Lmgla",
    "specialInfo": [],
    "creativeTab": {
      "value": "MISC"
    },
    "toolType": "Pickaxe",
    "harvestLevel": 1,
    "efficiency": 4.0,
    "attackSpeed": 1.0,
    "enchantability": 2,
    "damageVsEntity": 4.0,
    "usageCount": 100,
    "blocksAffected": [],
    "hasGlow": false,
    "repairItems": [],
    "immuneToFire": false,
    "stayInGridWhenCrafting": false,
    "damageOnCrafting": false
  }
}