{
  "_fv": 34,
  "_type": "tool",
  "definition": {
    "renderType": 1,
    "texture": "ss",
    "customModelName": "model22:default",
    "name": "诸尘剑",
    "specialInfo": [],
    "creativeTab": {
      "value": "COMBAT"
    },
    "toolType": "Sword",
    "harvestLevel": 1,
    "efficiency": 4.0,
    "attackSpeed": 10.0,
    "enchantability": 2,
    "damageVsEntity": 1000.0,
    "usageCount": 0,
    "blocksAffected": [],
    "hasGlow": false,
    "repairItems": [],
    "immuneToFire": false,
    "stayInGridWhenCrafting": false,
    "damageOnCrafting": false,
    "onEntitySwing": {
      "name": "MujianDangShiTiHuiDongWuPinShi"
    }
  }
}