{
  "_fv": 34,
  "_type": "overlay",
  "definition": {
    "priority": "NORMAL",
    "components": [
      {
        "type": "label",
        "data": {
          "text": "<VAR:integer:health2>/<VAR:integer:health>",
          "color": {
            "value": -12829636,
            "falpha": 0.0
          },
          "name": "<VAR:integer:health2>/<VAR:integer:health>",
          "x": 3,
          "y": 1
        }
      }
    ],
    "baseTexture": "",
    "overlayTarget": "Ingame",
    "gridSettings": {
      "sx": 18,
      "sy": 18,
      "ox": 11,
      "oy": 15,
      "snapOnGrid": false
    }
  }
}