{
  "_fv": 43,
  "_type": "command",
  "definition": {
    "commandName": "leset",
    "permissionLevel": "4",
    "argsxml": "<xml xmlns=\"https://developers.google.com/blockly/xml\"><block type=\"args_start\" deletable=\"false\" x=\"40\" y=\"40\"><next><block type=\"entity\"><field name=\"name\">name</field><field name=\"type\">entities</field><statement name=\"args\"><block type=\"number_default\"><field name=\"name\">ses</field><statement name=\"args\"><block type=\"call_procedure\"><field name=\"procedure\">Upsetlc</field></block></statement></block></statement></block></next></block></xml>"
  }
}