{
  "credit": "Made with Blockbench",
  "texture_size": [
    64,
    64
  ],
  "elements": [
    {
      "from": [
        5,
        0,
        6
      ],
      "to": [
        9,
        21,
        10
      ],
      "faces": {
        "north": {
          "uv": [
            3.5,
            5.5,
            4.5,
            10.75
          ],
          "texture": "#0"
        },
        "east": {
          "uv": [
            7,
            5,
            8,
            10.25
          ],
          "texture": "#0"
        },
        "south": {
          "uv": [
            4.5,
            7.75,
            5.5,
            13
          ],
          "texture": "#0"
        },
        "west": {
          "uv": [
            2.5,
            5.5,
            3.5,
            10.75
          ],
          "texture": "#0"
        },
        "up": {
          "uv": [
            6.5,
            8.75,
            5.5,
            7.75
          ],
          "rotation": 270,
          "texture": "#0"
        },
        "down": {
          "uv": [
            6.5,
            8.75,
            5.5,
            9.75
          ],
          "rotation": 90,
          "texture": "#0"
        }
      }
    },
    {
      "from": [
        2,
        21,
        -1
      ],
      "to": [
        12,
        32,
        17
      ],
      "faces": {
        "north": {
          "uv": [
            4.5,
            5,
            7,
            7.75
          ],
          "texture": "#0"
        },
        "east": {
          "uv": [
            0,
            2.75,
            4.5,
            5.5
          ],
          "texture": "#0"
        },
        "south": {
          "uv": [
            0,
            5.5,
            2.5,
            8.25
          ],
          "texture": "#0"
        },
        "west": {
          "uv": [
            0,
            0,
            4.5,
            2.75
          ],
          "texture": "#0"
        },
        "up": {
          "uv": [
            9,
            2.5,
            4.5,
            0
          ],
          "rotation": 270,
          "texture": "#0"
        },
        "down": {
          "uv": [
            9,
            2.5,
            4.5,
            5
          ],
          "rotation": 90,
          "texture": "#0"
        }
      }
    },
    {
      "from": [
        3,
        19,
        4
      ],
      "to": [
        11,
        21,
        12
      ],
      "faces": {
        "north": {
          "uv": [
            9,
            2.5,
            11,
            3
          ],
          "texture": "#0"
        },
        "east": {
          "uv": [
            9,
            3,
            11,
            3.5
          ],
          "texture": "#0"
        },
        "south": {
          "uv": [
            9,
            3.5,
            11,
            4
          ],
          "texture": "#0"
        },
        "west": {
          "uv": [
            9,
            2,
            11,
            2.5
          ],
          "texture": "#0"
        },
        "up": {
          "uv": [
            10,
            7,
            8,
            5
          ],
          "rotation": 270,
          "texture": "#0"
        },
        "down": {
          "uv": [
            10,
            7,
            8,
            9
          ],
          "rotation": 90,
          "texture": "#0"
        }
      }
    },
    {
      "from": [
        3,
        0,
        4
      ],
      "to": [
        11,
        2,
        12
      ],
      "faces": {
        "north": {
          "uv": [
            9,
            4.5,
            11,
            5
          ],
          "texture": "#0"
        },
        "east": {
          "uv": [
            8,
            9,
            10,
            9.5
          ],
          "texture": "#0"
        },
        "south": {
          "uv": [
            8,
            9.5,
            10,
            10
          ],
          "texture": "#0"
        },
        "west": {
          "uv": [
            9,
            4,
            11,
            4.5
          ],
          "texture": "#0"
        },
        "up": {
          "uv": [
            2,
            10.25,
            0,
            8.25
          ],
          "rotation": 270,
          "texture": "#0"
        },
        "down": {
          "uv": [
            11,
            0,
            9,
            2
          ],
          "rotation": 90,
          "texture": "#0"
        }
      }
    }
  ],
  "display": {
    "thirdperson_righthand": {
      "scale": [
        0.75,
        0.75,
        0.74
      ]
    }
  }
}