{
	"format_version": "1.8.0",
	"animations": {
		"animation.model.new2": {
			"loop": true,
			"animation_length": 3.08333,
			"bones": {
				"Head": {
					"rotation": {
						"1.0417": {
							"vector": [35, 0, 0]
						},
						"3.0": {
							"vector": [35, 0, 0]
						}
					},
					"position": {
						"0.0": {
							"vector": [0, -14, -9]
						},
						"1.0833": {
							"vector": [0, -16.86, -9]
						},
						"1.9583": {
							"vector": [0, -13, -9]
						},
						"3.0": {
							"vector": [0, -17, -9]
						}
					}
				},
				"Body": {
					"rotation": {
						"vector": [87.5, 0, 0]
					},
					"position": {
						"0.0": {
							"vector": [0, -13, -7]
						},
						"1.0417": {
							"vector": [0, -16, -7]
						},
						"2.0417": {
							"vector": [0, -13, -7]
						},
						"3.0": {
							"vector": [0, -16, -7]
						}
					}
				},
				"RightArm": {
					"rotation": {
						"0.0": {
							"vector": [-45, 0, 0]
						},
						"1.0": {
							"vector": [-25, 0, 0]
						},
						"2.0417": {
							"vector": [-45, 0, 0]
						},
						"3.0": {
							"vector": [-25, 0, 0]
						}
					},
					"position": {
						"0.0": {
							"vector": [0, -11, -9]
						},
						"1.0417": {
							"vector": [0, -14, -9]
						},
						"2.0417": {
							"vector": [0, -11, -9]
						},
						"3.0": {
							"vector": [0, -14, -9]
						}
					}
				},
				"LeftArm": {
					"rotation": {
						"0.0": {
							"vector": [-35, 0, 0]
						},
						"1.0417": {
							"vector": [-57.5, 0, 0]
						},
						"2.0417": {
							"vector": [-35, 0, 0]
						},
						"3.0": {
							"vector": [-57.5, 0, 0]
						}
					},
					"position": {
						"0.0": {
							"vector": [0, -11, -8]
						},
						"1.0417": {
							"vector": [0, -14, -8]
						},
						"2.0417": {
							"vector": [0, -11, -8]
						},
						"3.0": {
							"vector": [0, -14, -8]
						}
					}
				},
				"RightLeg": {
					"rotation": {
						"1.0": {
							"vector": [42.26432, -6.02281, 4.47769]
						},
						"3.0": {
							"vector": [42.26432, -6.02281, 4.47769]
						}
					},
					"position": {
						"0.0": {
							"vector": [0, -1, 4]
						},
						"1.0417": {
							"vector": [0, -4, 4]
						},
						"2.0417": {
							"vector": [0, -1, 4]
						},
						"3.0": {
							"vector": [0, -4, 4]
						}
					}
				},
				"LeftLeg": {
					"rotation": {
						"0.0": {
							"vector": [62.5, 5, 0]
						},
						"0.875": {
							"vector": [49.96938, 4.44861, -0.03616]
						},
						"2.0": {
							"vector": [62.5, 5, 0]
						},
						"3.0": {
							"vector": [49.96938, 4.44861, -0.03616]
						}
					},
					"position": {
						"0.0": {
							"vector": [0, -1, 4]
						},
						"1.0417": {
							"vector": [0, -4, 4]
						},
						"2.0": {
							"vector": [0, -1, 4]
						},
						"3.0": {
							"vector": [0, -4, 4]
						}
					}
				}
			}
		}
	}
}